{
    "display": {
        "title": "Rignchen",
        "description": "",
        "icon": {
            "item": "minecraft:player_head",
            "nbt": "{SkullOwner:{Id:[I;0,0,0,0],Properties:{textures:[{Value:\"eyJ0ZXh0dXJlcyI6eyJTS0lOIjp7InVybCI6Imh0dHA6Ly90ZXh0dXJlcy5taW5lY3JhZnQubmV0L3RleHR1cmUvYzMzOTIwNDJhZTI2MzlmNzA4M2Q1MTkxODcyZjUzOTM5Njk2OTk1ZmM3OWNlMWViMDA3N2FhMTA0MDc2NjU5ZiJ9fX0=\"}]}}}"
        },
        "show_toast": false,
        "announce_to_chat": false
    },
    "parent": "global:root",
    "criteria": {
        "trigger": {
            "trigger": "minecraft:tick"
        }
    }
}