{
    "pools": [
        {
            "rolls": 1,
            "entries": [
                {
                    "type": "minecraft:item",
                    "name": "minecraft:wooden_sword",
					"functions": [
						{
							"function": "copy_nbt",
							"source": {
								"type": "storage",
								"source": "swing:items"
							},
							"ops": [
								{
									"op": "merge",
									"source": "all.wooden_sword.tag",
									"target": "{}"
								}
							]
						}
					]
                }
            ]
        }
    ]
}